ticker,start_date,end_date,n_trading_days,annualized_volatility,avg_daily_volume,max_drawdown,var_95,downside_volatility,raw_risk_score,risk_score_1_10
SNDK,2025-03-10,2026-03-10,250,0.9823124878135474,8322640.4,-0.4750088301928227,-0.0723686337523687,0.7389461838929878,0.538761620242108,9.83
APP,2025-03-10,2026-03-10,250,0.8123476097242923,6584755.2,-0.499850032888765,-0.0750886627346798,0.6997147046282537,0.488641744567244,8.85
TTD,2025-03-10,2026-03-10,250,0.7584537048876389,13994900.8,-0.734625678164845,-0.0542162133143006,0.7772328693626742,0.5386207112202234,9.83
SMCI,2025-03-10,2026-03-10,250,0.7417898726985048,36853688.0,-0.5343435861623316,-0.0799158025511301,0.4928355170372502,0.44603134912938047,8.02
COIN,2025-03-10,2026-03-10,250,0.7403599091254939,11255118.8,-0.6638953815137105,-0.068090616021013,0.4448247309353597,0.4684236598454278,8.46
FISV,2025-03-10,2026-03-10,249,0.7274331168823622,7262926.1044176705,-0.7430024298011344,-0.0297676890662782,0.9154087076455876,0.5472454002436394,10.0
HOOD,2025-03-10,2026-03-10,250,0.7224800154279404,38074603.2,-0.5335169905898134,-0.0792640070817694,0.4595611757127055,0.4349102326755177,7.8
CVNA,2025-03-10,2026-03-10,250,0.7138341077153064,3899599.2,-0.3389904865781978,-0.0721843859962707,0.5689758981332812,0.3986811415220421,7.09
CNC,2025-03-10,2026-03-10,250,0.6814144800266382,9474542.0,-0.6078706062300907,-0.0451595724549891,0.7888846433270424,0.48375661711016715,8.76
MRNA,2025-03-10,2026-03-10,250,0.6656013783256928,10841144.4,-0.3613252875650996,-0.069928118226551,0.3999825614287319,0.3639947524727203,6.41
INTC,2025-03-10,2026-03-10,250,0.6603066359505291,102482961.2,-0.3005401578934393,-0.0579066043728328,0.4196117716401214,0.34775011785487525,6.1
ALB,2025-03-10,2026-03-10,250,0.6477708969240964,3642228.8,-0.3614290513781879,-0.070300708538255,0.4876749536180774,0.3718999441278471,6.57
MU,2025-03-10,2026-03-10,250,0.6386294339013681,26420474.0,-0.3715035469237761,-0.0497150721239486,0.4601593533986832,0.36343163812088997,6.4
WDC,2025-03-10,2026-03-10,250,0.6363501617411744,8461596.4,-0.3198218415215844,-0.0523001043233896,0.4795760173902811,0.353256944194068,6.2
FSLR,2025-03-10,2026-03-10,250,0.6343657124932175,3231873.2,-0.3351487784229063,-0.0560161962152286,0.4599534913915248,0.3542932022472647,6.22
AMD,2025-03-10,2026-03-10,250,0.6333212521423288,48168496.8,-0.3187875555475222,-0.0552371444121722,0.4198729738478861,0.3437216415652422,6.02
SNPS,2025-03-10,2026-03-10,250,0.6265804914081149,2097131.6,-0.4052529296592377,-0.0455136412396139,0.6909526941815448,0.40203305989655536,7.16
TER,2025-03-10,2026-03-10,250,0.6235678380891847,3667070.4,-0.2531868748846616,-0.0474815078118951,0.4326851590651518,0.3247661728397898,5.65
MOH,2025-03-10,2026-03-10,250,0.6214408878384489,1377529.2,-0.6527856275714974,-0.0515909512762966,0.6802329605716296,0.4619818801791025,8.33
STX,2025-03-10,2026-03-10,250,0.6169676663219706,4200398.8,-0.2588121382437928,-0.0596638968879361,0.4192595436715325,0.3246150691931141,5.64
CIEN,2025-03-10,2026-03-10,250,0.6151239367540642,2690680.0,-0.2305479513983529,-0.0518654675050991,0.4973663774324916,0.32715225615701343,5.69
PSKY,2025-03-10,2026-03-10,250,0.6136524108564192,10936186.8,-0.4830751699740326,-0.0554074597419082,0.337747814648343,0.3666081890400211,6.46
ALGN,2025-03-10,2026-03-10,250,0.5990653263576122,1306798.4,-0.3972682282836774,-0.0348671873601472,0.6742083837472171,0.387141426535154,6.87
PLTR,2025-03-10,2026-03-10,250,0.5857536455615431,69182428.8,-0.378125297361536,-0.0585565016732775,0.4351165931450837,0.3472362087607187,6.09
ORCL,2025-03-10,2026-03-10,250,0.5818270033044327,20097413.6,-0.5824985578937847,-0.0564260152645146,0.3318662116893365,0.38123788024684374,6.75
ON,2025-03-10,2026-03-10,250,0.5776203227855039,9405575.2,-0.3005691648535442,-0.0468613804352086,0.4166170955875418,0.32029323910620106,5.56
MCHP,2025-03-10,2026-03-10,250,0.5768986863414078,9446538.8,-0.360477689556106,-0.0432820576362027,0.4117701985869424,0.3336109801926175,5.82
CRL,2025-03-10,2026-03-10,250,0.576487171643668,1107258.4,-0.4362495839060912,-0.0431317226649971,0.5426838884183406,0.37203756557844764,6.57
TSLA,2025-03-10,2026-03-10,250,0.575519938917354,93492336.8,-0.2300271071997925,-0.0522043027286557,0.3718909477058841,0.2963872622463744,5.09
WBD,2025-03-10,2026-03-10,250,0.5724594252222975,48105578.0,-0.3028104947062427,-0.0399659737090042,0.389059649814891,0.3137925955360453,5.43
UAL,2025-03-10,2026-03-10,250,0.5663802469356727,6945590.8,-0.300049854507011,-0.0478984185323865,0.3765647638116726,0.310990950383304,5.38
NCLH,2025-03-10,2026-03-10,250,0.5648354682045859,16904545.2,-0.3504083276510534,-0.0472029834868653,0.4311216618708685,0.33116157426771087,5.77
MPWR,2025-03-10,2026-03-10,250,0.5579466207716378,690624.0,-0.2875596419040951,-0.0463851223548596,0.3996237178630696,0.30849462365432756,5.33
VST,2025-03-10,2026-03-10,250,0.5545016678604123,5462256.0,-0.3450866375163725,-0.0528688041731216,0.3937610497070429,0.3222600963353481,5.6
DELL,2025-03-10,2026-03-10,250,0.549530077727768,7025197.2,-0.3234114968905077,-0.0501322167544921,0.4229416599099269,0.31917960411281854,5.54
DECK,2025-03-10,2026-03-10,250,0.5492208989564048,3383690.4,-0.3851742759711983,-0.0408742791659756,0.4466639027565531,0.33623430947992156,5.87
APA,2025-03-10,2026-03-10,250,0.5471743302978952,7408932.4,-0.3394538864292298,-0.0435522907056983,0.427471885710772,0.32184702519165087,5.59
XYZ,2025-03-10,2026-03-10,250,0.5454240385955601,8963958.4,-0.3947725338036449,-0.0529894702913991,0.4530675174098786,0.3408783778551254,5.96
Q,2025-03-10,2026-03-10,90,0.5417657246414408,2616688.888888889,-0.2712317933080945,-0.0577057777128349,0.3087268924792602,0.28818789335013323,4.93
FIX,2025-03-10,2026-03-10,250,0.5386625924553379,462440.8,-0.2181467954170211,-0.0484839361264518,0.3272535785072179,0.2749205168356575,4.67
UNH,2025-03-10,2026-03-10,250,0.5377256241242825,12441600.8,-0.6005506651971514,-0.0338014395380189,0.5714819341445616,0.40393793960341096,7.2
DDOG,2025-03-10,2026-03-10,250,0.536745901645639,5515345.2,-0.4862057017996233,-0.0426792520342607,0.3369050985456485,0.34164682926352496,5.98
IT,2025-03-10,2026-03-10,250,0.532201835146488,1163416.8,-0.6891057151709213,-0.0461524963329457,0.5859138191907547,0.42905463743552363,7.69
LULU,2025-03-10,2026-03-10,250,0.5288229219129342,3722470.0,-0.5319005777278777,-0.0434484281976924,0.5092585773092596,0.37670052010565325,6.66
ANET,2025-03-10,2026-03-10,250,0.5284282522942905,9184086.8,-0.2752576609895018,-0.0483410247562513,0.364780423088041,0.2917281702385166,5.0
DOW,2025-03-10,2026-03-10,250,0.5203233525395847,12637837.2,-0.4312662011345302,-0.0443531885731036,0.3925405205040402,0.3316652797484804,5.78
LRCX,2025-03-10,2026-03-10,250,0.5197151580616772,11542269.2,-0.2490786728513646,-0.0507085257736761,0.3730763663915188,0.2842873844086143,4.85
AXON,2025-03-10,2026-03-10,250,0.5197113974078759,753448.4,-0.541143773792969,-0.0485731214187867,0.3812926836411505,0.358108022223449,6.3
NRG,2025-03-10,2026-03-10,250,0.5164275884650145,2687504.0,-0.1938464297449241,-0.0474646704366213,0.3635527145424564,0.26741576245366117,4.52
GEV,2025-03-10,2026-03-10,250,0.511411285372963,3155882.0,-0.2098261657333388,-0.0453412629301566,0.3353966322997854,0.2652577061630755,4.48
FCX,2025-03-10,2026-03-10,250,0.5075912743712379,17549674.0,-0.3222506052322679,-0.0440887718531721,0.4633047341411934,0.31115350380936296,5.38
EXPE,2025-03-10,2026-03-10,250,0.5074216303872376,2203346.8,-0.3743652526930704,-0.0354863503287172,0.3693672753344941,0.3083202090408376,5.32
EL,2025-03-10,2026-03-10,250,0.5060336858458779,3945512.0,-0.2807471031078774,-0.0383088697762112,0.4457135704762439,0.29651571640265817,5.09
CEG,2025-03-10,2026-03-10,250,0.505992721150061,3078913.6,-0.3876879018407547,-0.0453923269580742,0.3438979955644374,0.3093829890104655,5.34
GNRC,2025-03-10,2026-03-10,250,0.505941711129176,1054231.2,-0.3277298939414522,-0.0487798247407348,0.3371827706594102,0.29404846222693765,5.04
AES,2025-03-10,2026-03-10,250,0.5056272285963038,12651557.6,-0.2553190576517908,-0.0404610280030337,0.4071744527036566,0.2846863144021586,4.86
HUM,2025-03-10,2026-03-10,250,0.5052298086547932,1814025.2,-0.436378613168794,-0.0469728997028153,0.4707900098864904,0.3406767324381685,5.96
DAL,2025-03-10,2026-03-10,250,0.4985756801936788,9842272.8,-0.2659574930326775,-0.0426766082263943,0.3093396830900375,0.2709983615853113,4.59
TPL,2025-03-10,2026-03-10,250,0.4954749337926522,436196.4,-0.4234327470833297,-0.0434835489149818,0.3639839606617589,0.31779520004489115,5.51
BAX,2025-03-10,2026-03-10,250,0.4945099442991207,7015671.6,-0.5079525466053962,-0.0368413112361766,0.5076043536944621,0.3588500494962907,6.31
FICO,2025-03-10,2026-03-10,250,0.490418638408109,285923.2,-0.4435066026680265,-0.0478534383495623,0.415265594999206,0.32986311885227654,5.75
CCL,2025-03-10,2026-03-10,250,0.4884086040697448,22889428.0,-0.2379193712571672,-0.0395873847372098,0.3443092870139597,0.26556629840358015,4.49
KLAC,2025-03-10,2026-03-10,250,0.4877970403488885,1090937.6,-0.2240682411689448,-0.0496247471779948,0.3957486075682036,0.2716435046319194,4.61
BLDR,2025-03-10,2026-03-10,250,0.4828963638987739,2080934.4,-0.3759131522247448,-0.0444570014884601,0.262290619540157,0.28708223850984604,4.91
ZBRA,2025-03-10,2026-03-10,250,0.482316886422385,638987.2,-0.3737403094884497,-0.0405645747340119,0.4123343466863634,0.30809336674599747,5.32
AMAT,2025-03-10,2026-03-10,250,0.4794237793621798,7784162.0,-0.2137195700862947,-0.0502468564444124,0.3626620942782442,0.261705724607443,4.41
LUV,2025-03-10,2026-03-10,250,0.4787434371017549,11108463.2,-0.3099884855994034,-0.0378555571879207,0.3535906259646692,0.28172986686480633,4.8
EPAM,2025-03-10,2026-03-10,250,0.4787227577023363,875925.2,-0.41815713245029,-0.0447737148588995,0.4273152491209944,0.3212082549280716,5.58
AVGO,2025-03-10,2026-03-10,250,0.4769340120884414,26036843.2,-0.2526347961456374,-0.0419735743917882,0.3213341752104229,0.2628337476635741,4.43
RCL,2025-03-10,2026-03-10,250,0.4761944405903575,2364267.6,-0.3235657363220638,-0.0425470347688483,0.3214306589628755,0.28047381435220287,4.78
DASH,2025-03-10,2026-03-10,250,0.4717762583050365,4861485.6,-0.4308937250813903,-0.0525011667736342,0.4118545271107637,0.32153474175303953,5.58
LW,2025-03-10,2026-03-10,250,0.4698679323404617,2223804.8,-0.3911500658347669,-0.0298383429082834,0.4484499641804355,0.3119831043375076,5.4
LYB,2025-03-10,2026-03-10,250,0.4657312396821906,5181341.6,-0.4082502899005031,-0.0477712928525545,0.3284931290449606,0.30061019160705493,5.17
KKR,2025-03-10,2026-03-10,250,0.4656144110321248,5077828.8,-0.4210719675827508,-0.0513065943305962,0.3886803439440099,0.31351570535649836,5.43
NXPI,2025-03-10,2026-03-10,250,0.4624645376378302,2856214.8,-0.273647910218044,-0.0395534758041193,0.306909175448223,0.2610984453352775,4.4
SWK,2025-03-10,2026-03-10,250,0.4619698391028786,2230446.0,-0.3258508171486241,-0.0350716900086305,0.3318866110545352,0.2768510305119884,4.71
ARES,2025-03-10,2026-03-10,250,0.4612395803688444,2380702.8,-0.4280813655031843,-0.0438857102956263,0.402617714404695,0.3145620567106643,5.45
CRWD,2025-03-10,2026-03-10,250,0.4590731444385818,3350574.0,-0.3717827173511796,-0.0409531276577033,0.311074388440255,0.2855194363125719,4.88
SWKS,2025-03-10,2026-03-10,250,0.4519566950172495,3298189.2,-0.326160244944887,-0.0395597847717563,0.3548403548794455,0.27826511024732303,4.74
GPN,2025-03-10,2026-03-10,250,0.451863980341505,3000062.4,-0.32475980172621,-0.0381709174614044,0.3587730488210384,0.2781993186820695,4.73
NEM,2025-03-10,2026-03-10,250,0.4513177465444465,11420968.4,-0.1998575349647894,-0.0488643321652048,0.3866501862313633,0.25313011082810094,4.24
TECH,2025-03-10,2026-03-10,250,0.4451139055032825,2245500.8,-0.25615041071135,-0.0443365838791597,0.3051967530746229,0.2522186485993234,4.23
DXCM,2025-03-10,2026-03-10,250,0.4413084382821818,4895210.4,-0.3874678778028843,-0.0351958565277156,0.3669666541283244,0.29134369078829436,4.99
GLW,2025-03-10,2026-03-10,250,0.4404267744440548,7218512.4,-0.2300684472877937,-0.0353845361353911,0.3349075148097271,0.24695819245697004,4.12
HPE,2025-03-10,2026-03-10,250,0.4403469768694272,22814344.4,-0.2427361528806799,-0.0408928915751231,0.3721151737232032,0.2567839900377103,4.32
FTNT,2025-03-10,2026-03-10,250,0.4399703261876239,5995611.6,-0.3155764309624395,-0.0370347522392973,0.4412539435896134,0.2844802642620613,4.86
HAL,2025-03-10,2026-03-10,250,0.4377702506508826,13688990.4,-0.2505836982940912,-0.0356372683405606,0.3273367569861465,0.2502049742899618,4.19
APO,2025-03-10,2026-03-10,250,0.4377268766511503,3783255.2,-0.3218441172443649,-0.0471673767304137,0.3633284430408837,0.2757118605409085,4.69
BBY,2025-03-10,2026-03-10,250,0.4327055520392091,4059195.6,-0.2582861011920236,-0.0332108431363108,0.3502356521679217,0.2535607319976358,4.25
IBKR,2025-03-10,2026-03-10,250,0.4299637857970217,5978430.8,-0.1981216529242886,-0.0399078664319921,0.3166514489854656,0.2339988563311914,3.87
TPR,2025-03-10,2026-03-10,250,0.4298872497565045,3783601.6,-0.1996829949206409,-0.0340534383066302,0.3940310322173095,0.24480229258087102,4.08
DLTR,2025-03-10,2026-03-10,250,0.4286181892527808,4177559.6,-0.2741550165807133,-0.0349744818603231,0.3136121725488797,0.25116095711282366,4.21
IQV,2025-03-10,2026-03-10,250,0.427892905354984,1919594.4,-0.3372221207912234,-0.0355913114800598,0.3197800538195762,0.26775872426756053,4.53
ARE,2025-03-10,2026-03-10,250,0.4264077799865693,2130110.8,-0.5259985433595351,-0.0455850480445356,0.4131171714073578,0.330506602101758,5.76
PYPL,2025-03-10,2026-03-10,250,0.4256881341637833,15153540.0,-0.4992285198298596,-0.0366953714019094,0.3994405898919284,0.3197687395698887,5.55
ODFL,2025-03-10,2026-03-10,250,0.4244269326246102,2068430.0,-0.2801498111325172,-0.0356872141245504,0.2852411913663578,0.2472892024461996,4.13
LLY,2025-03-10,2026-03-10,250,0.4236457809448837,3881346.4,-0.3025947003132048,-0.0363820821028769,0.3460877242072662,0.2619320101776804,4.42
NOW,2025-03-10,2026-03-10,250,0.4229196398760177,10359221.6,-0.518613176507258,-0.0363931777858063,0.3080262188118707,0.3100117641217957,5.36
WSM,2025-03-10,2026-03-10,250,0.4218286721741842,1594581.2,-0.2136000540468222,-0.0365769511084344,0.3101266267826343,0.2337830621153947,3.87
CHTR,2025-03-10,2026-03-10,250,0.4203838861741868,1808999.2,-0.5721240548657841,-0.0406126746240127,0.356185099912012,0.33069653475946004,5.76
REGN,2025-03-10,2026-03-10,250,0.4185081484665587,1062661.6,-0.3263567136165961,-0.036483681151164,0.3613639629199584,0.2686430477155891,4.55
NKE,2025-03-10,2026-03-10,250,0.417480535988123,17134661.2,-0.2817849857728153,-0.0351063616213465,0.3088886244221425,0.24904497906335463,4.16
JBL,2025-03-10,2026-03-10,250,0.4172946934681899,1361825.2,-0.2206440473777527,-0.0427830899817898,0.3181478903782659,0.23662829486880227,3.92
DVN,2025-03-10,2026-03-10,250,0.4171076493721303,8818306.0,-0.2932489283824917,-0.0323599712884208,0.3343461186537927,0.2550684503030603,4.28
NVDA,2025-03-10,2026-03-10,250,0.4166685046557932,202113659.6,-0.2248705497751378,-0.038137006217711,0.2737133351595999,0.2299025908527757,3.79
AKAM,2025-03-10,2026-03-10,250,0.4161215321445926,2692080.4,-0.1761082458004924,-0.0352742646881474,0.3211205247541797,0.2240864898902366,3.68
ELV,2025-03-10,2026-03-10,250,0.4152543192935303,1952882.8,-0.390596644299692,-0.0382303948666969,0.4004554137341096,0.2899398991027616,4.96
IDXX,2025-03-10,2026-03-10,250,0.4140196577902735,603584.8,-0.2064355676986868,-0.0328156326589911,0.2163672377091722,0.21483316712645628,3.49
MGM,2025-03-10,2026-03-10,250,0.41305992166857,5031892.0,-0.2275584873080506,-0.0382598070224024,0.2416346739479943,0.22470478069749986,3.69
CPAY,2025-03-10,2026-03-10,250,0.4123383915672782,545947.2,-0.2890202492714148,-0.037062861118421,0.3122049342564349,0.25020007531774713,4.19
IP,2025-03-10,2026-03-10,250,0.4114467749480975,5161215.2,-0.3469066810024634,-0.037959932739536,0.3374114878225245,0.26836443183160924,4.54
EME,2025-03-10,2026-03-10,250,0.4094345466907612,481516.0,-0.2515057643875463,-0.0345931912922086,0.3491039984587473,0.24499125080835624,4.08
SW,2025-03-10,2026-03-10,250,0.4087954580208526,4705924.0,-0.3220784385271594,-0.0396215550401043,0.2959815718682088,0.25547981507610523,4.29
LVS,2025-03-10,2026-03-10,250,0.408100650894578,5609294.4,-0.3150378302654635,-0.0386336944653737,0.3376616738848247,0.2595656606380888,4.37
TXN,2025-03-10,2026-03-10,250,0.4078535501927451,7618254.8,-0.2957435794914497,-0.034292439792352,0.3159915388924906,0.2505491918493941,4.19
JBHT,2025-03-10,2026-03-10,250,0.4072552150333692,1220478.8,-0.1924247044556807,-0.0320935725650929,0.2536281971615911,0.214745766646178,3.49
CSGP,2025-03-10,2026-03-10,250,0.406578316971021,4033938.4,-0.5390891229560858,-0.0446866487032657,0.3934673391651914,0.32470323123542305,5.64
APH,2025-03-10,2026-03-10,250,0.4059958578600755,8857351.2,-0.2323007684004934,-0.0320905965704225,0.3525747600891875,0.23917829407566435,3.97
CMG,2025-03-10,2026-03-10,250,0.4052913240618054,17840281.6,-0.488152496448775,-0.0338856109026473,0.3566576572130339,0.3039012976985123,5.24
WYNN,2025-03-10,2026-03-10,250,0.4024807953852456,1983229.2,-0.2435339354834161,-0.0356849816497499,0.2680133624277903,0.22896677360333628,3.77
CHRW,2025-03-10,2026-03-10,250,0.4010290051588632,1678903.2,-0.1635674628596648,-0.0247666715550249,0.2886185793924935,0.20944674804511412,3.39
IVZ,2025-03-10,2026-03-10,250,0.3997108637259654,5654643.2,-0.239824692861909,-0.0347153950237844,0.301680200789115,0.23206455914096963,3.83
WST,2025-03-10,2026-03-10,250,0.3991476086885027,789600.0,-0.2470467723758437,-0.0351301782085187,0.2271466505061826,0.22260413556438569,3.65
RVTY,2025-03-10,2026-03-10,250,0.3982042847095333,1331598.0,-0.2701867618878856,-0.0417219865984274,0.2643541698972105,0.23500557378678175,3.89
BX,2025-03-10,2026-03-10,250,0.3965784151729845,4768716.4,-0.4028284613922436,-0.0445723661512787,0.2942453044618238,0.27273192976948474,4.63
MOS,2025-03-10,2026-03-10,250,0.396322653846311,5972169.6,-0.3715658929569928,-0.0387228230962814,0.329105819065738,0.26889872361658923,4.55
KEYS,2025-03-10,2026-03-10,250,0.3962882590309021,1120990.4,-0.1997228095629691,-0.0313958221056759,0.2753029127305696,0.21639187063748389,3.52
SYF,2025-03-10,2026-03-10,250,0.3961047687136257,3966853.2,-0.2433432970329787,-0.0329121568035714,0.3461781233267735,0.23817642994095492,3.95
FANG,2025-03-10,2026-03-10,250,0.3944237173853439,2216137.2,-0.2688085861059572,-0.0329620145926685,0.3234005881997575,0.24063179801412943,4.0
CDNS,2025-03-10,2026-03-10,250,0.3942698281223178,2032194.0,-0.2808741904508758,-0.033677928905071,0.2900490498734048,0.23874248851931543,3.96
WAT,2025-03-10,2026-03-10,250,0.3923133197758949,736490.0,-0.2732696437097652,-0.0335459831414611,0.334823508940431,0.24294426560855104,4.04
HPQ,2025-03-10,2026-03-10,250,0.391377227408254,11913023.6,-0.3662053314601019,-0.041005158719608,0.322392389469717,0.26552439964605473,4.49
BF-B,2025-03-10,2026-03-10,250,0.3900243195293137,4306184.0,-0.2875373428454451,-0.0385594547172636,0.3493876716449303,0.24901169648275914,4.16
EFX,2025-03-10,2026-03-10,250,0.3897563536567563,1290844.8,-0.3720975643380738,-0.0412891939584048,0.3276274812639616,0.2673533356314074,4.52
URI,2025-03-10,2026-03-10,250,0.3878687060731653,618553.2,-0.2435142669599658,-0.031400858459883,0.2952376581919869,0.227805160650036,3.75
COF,2025-03-10,2026-03-10,250,0.3877263860958367,4488864.0,-0.2771937423463125,-0.0396123609537175,0.3369244235321881,0.2440775094132471,4.07
QCOM,2025-03-10,2026-03-10,250,0.3877175577031675,9107215.2,-0.2700530240432739,-0.0366569309011589,0.3222413634999041,0.23949612500728984,3.98
META,2025-03-10,2026-03-10,250,0.3874339109240783,15388745.6,-0.253737057746232,-0.0296497976583696,0.264505197407654,0.22527018335485852,3.7
WDAY,2025-03-10,2026-03-10,250,0.3870638665873425,3168110.4,-0.5296494094391313,-0.0402203029551769,0.3241817187465239,0.3052028623035462,5.26
RL,2025-03-10,2026-03-10,250,0.3854629416967088,745670.8,-0.2285170282384645,-0.0315312465253054,0.3256152240764199,0.2279168065924102,3.75
VLO,2025-03-10,2026-03-10,250,0.3835925726571131,3123891.6,-0.223540783956924,-0.0308890023244449,0.3071007782974275,0.22320591700721182,3.66
OXY,2025-03-10,2026-03-10,250,0.3829600048191711,11639352.0,-0.2741707570850056,-0.0355284091657693,0.3038516088508011,0.23611412246931957,3.91
PODD,2025-03-10,2026-03-10,250,0.3817558372061321,783388.8,-0.328241058934509,-0.0337963409291309,0.2314139865871678,0.238058509719741,3.95
DHI,2025-03-10,2026-03-10,250,0.3810222452273847,3477307.2,-0.2515514750773152,-0.0344087294759209,0.2147627391682777,0.2162907278658466,3.52
APTV,2025-03-10,2026-03-10,250,0.379829710224595,2495192.4,-0.271732584400463,-0.0378937109495146,0.2601174997823544,0.22847846640180405,3.76
SLB,2025-03-10,2026-03-10,250,0.3792979297467405,17137856.0,-0.2468175624916939,-0.0349610772693613,0.2820486728506713,0.22479329176345383,3.69
ADI,2025-03-10,2026-03-10,250,0.378169096287915,3857942.4,-0.2293285028310343,-0.0310753930004357,0.2769836231266749,0.2185455025837676,3.57
PAYC,2025-03-10,2026-03-10,250,0.377710198670348,878317.2,-0.5676509728406995,-0.04000368850442,0.2811324987336229,0.3053965291761607,5.27
EBAY,2025-03-10,2026-03-10,250,0.3774869715066834,5512013.2,-0.2067086518193035,-0.0330862049010549,0.3247162520536288,0.2202479513372746,3.6
GEHC,2025-03-10,2026-03-10,250,0.3754490240757193,3902618.0,-0.3135879826693448,-0.0345517660189624,0.3356928374096908,0.24829600732911636,4.15
STLD,2025-03-10,2026-03-10,250,0.3705207776616629,1403780.4,-0.1468078199828482,-0.032894267684797,0.2256480036893554,0.1882843136207362,2.97
OMC,2025-03-10,2026-03-10,250,0.3704180398736768,4240339.2,-0.1785302648571972,-0.0306969479401543,0.2543536656720123,0.2000504411982485,3.2
LEN,2025-03-10,2026-03-10,250,0.3692881536728201,3862806.8,-0.2920396797825035,-0.0391892547030045,0.2355495625858978,0.22696667726386213,3.73
DG,2025-03-10,2026-03-10,250,0.3681905350011247,3525321.6,-0.1702172439735833,-0.0300407475798567,0.1987121197422213,0.18882646733723607,2.99
DD,2025-03-10,2026-03-10,250,0.3668755961601163,6763398.652,-0.2904762614704098,-0.02783005704176,0.291755382783594,0.2320110778269921,3.83
GDDY,2025-03-10,2026-03-10,250,0.3652507554419142,1679204.4,-0.5886878639242201,-0.0332738060785458,0.3350724032225671,0.3136628738646997,5.43
BA,2025-03-10,2026-03-10,250,0.3650520199289544,8190409.6,-0.2519305598477314,-0.0320486270876053,0.2721440703276255,0.21972959411668416,3.59
ULTA,2025-03-10,2026-03-10,250,0.3648909573142729,740714.8,-0.1424799315275271,-0.0251093501621979,0.1915150789752229,0.17883653695943227,2.79
BKR,2025-03-10,2026-03-10,250,0.3648730466782615,7863861.6,-0.2253210487886651,-0.0321647347033544,0.3137972113943265,0.21929471756686172,3.58
GRMN,2025-03-10,2026-03-10,250,0.3642654759332075,978365.6,-0.2797473872908894,-0.0308006786138873,0.3667834024908197,0.24039423791026027,3.99
PANW,2025-03-10,2026-03-10,250,0.3641957884186256,7142410.4,-0.3600596483682511,-0.0445028430599352,0.2911991284665534,0.2518541005004942,4.22
PSX,2025-03-10,2026-03-10,250,0.3638713902360913,2816912.0,-0.2811362685163212,-0.0305370665461406,0.3055926211350742,0.23139182617925086,3.82
EQT,2025-03-10,2026-03-10,250,0.3626266944112569,8505976.8,-0.1839136715230771,-0.0358717262227619,0.3034253957123737,0.20745459256199272,3.35
FDS,2025-03-10,2026-03-10,250,0.3623333535436073,629494.8,-0.5947137802955818,-0.0408904091577394,0.3296141137568085,0.31499880888934173,5.45
VRTX,2025-03-10,2026-03-10,250,0.3618295891647327,1572750.4,-0.2865540299406803,-0.0253180439837266,0.3641642874694502,0.23987569973459233,3.98
NUE,2025-03-10,2026-03-10,250,0.3607475343027416,1939811.2,-0.2150228245047235,-0.0302404870796831,0.2560792020539859,0.20643999569242,3.33
TYL,2025-03-10,2026-03-10,250,0.360307119179491,406020.8,-0.5307963842636731,-0.03008392442953,0.3342347971752499,0.2969434825741532,5.1
COO,2025-03-10,2026-03-10,250,0.3591988479674106,2529536.4,-0.2431160607905966,-0.0266616491443752,0.3190132720992384,0.22172302976455327,3.63
PWR,2025-03-10,2026-03-10,250,0.3574101858434736,1136553.2,-0.1395095023965189,-0.0309707093156491,0.2432117752987295,0.1847764274953563,2.91
DVA,2025-03-10,2026-03-10,250,0.3571177351373549,896562.0,-0.332068636000009,-0.0314417670598781,0.2301465178142989,0.23096292216238795,3.81
UBER,2025-03-10,2026-03-10,250,0.3548169544100167,19653603.2,-0.3007992114818655,-0.0361173076519014,0.2419776839394219,0.2251650084028902,3.7
LII,2025-03-10,2026-03-10,250,0.3542587770551858,437569.6,-0.3298039633473091,-0.0370029911630245,0.2609787092336035,0.23527625710557806,3.89
TRGP,2025-03-10,2026-03-10,250,0.3541453442596287,1696484.0,-0.2805250615537812,-0.0324369817754694,0.3099728253532786,0.22935824776982727,3.78
POOL,2025-03-10,2026-03-10,250,0.3538800067999911,662923.6,-0.3679011603400723,-0.0341886789813504,0.2646110778682161,0.2446688404482356,4.08
INTU,2025-03-10,2026-03-10,250,0.353318385344329,2250164.4,-0.5540848575767656,-0.0356234949994207,0.2849044510719446,0.29437714109934343,5.05
UHS,2025-03-10,2026-03-10,250,0.3532788169196571,795138.0,-0.2183152720251739,-0.0295040908661124,0.303947363577418,0.21205551155620037,3.44
TGT,2025-03-10,2026-03-10,250,0.3532657287415832,7469006.8,-0.231705207201976,-0.0310677155870756,0.2540854751097028,0.20823239819549869,3.36
GM,2025-03-10,2026-03-10,250,0.3519359896045697,10118617.2,-0.1922419030965503,-0.0322940111656106,0.2291370254292909,0.19447063858579655,3.1
PHM,2025-03-10,2026-03-10,250,0.3516520685726039,2033888.4,-0.1961853473162185,-0.0322620827181757,0.2015382240199586,0.19122515671434662,3.03
MPC,2025-03-10,2026-03-10,250,0.3510127196176367,2332938.0,-0.2198091185163408,-0.0273583256125165,0.302232597759689,0.21106269316521978,3.42
INCY,2025-03-10,2026-03-10,250,0.350727889937635,2006256.4,-0.1895108209741886,-0.0337399448716905,0.2560859688718123,0.19775700637400048,3.16
CRM,2025-03-10,2026-03-10,250,0.3507161619456145,8742125.2,-0.3850531373477011,-0.0384656047025833,0.2617675293374473,0.24843639470060822,4.15
ABNB,2025-03-10,2026-03-10,250,0.3499834236826496,5072378.8,-0.2153911223817964,-0.0356298193579642,0.2674542890199488,0.2060869346394412,3.32
NFLX,2025-03-10,2026-03-10,250,0.3489885160395644,42314484.4,-0.4335127747768319,-0.0348638008509305,0.2529983369341014,0.25799726157963554,4.34
AMZN,2025-03-10,2026-03-10,250,0.3489697529115965,47100839.2,-0.2173622311569574,-0.0310119326530114,0.2459345662457367,0.20212405725328547,3.25
VTRS,2025-03-10,2026-03-10,250,0.3476675705166096,11123947.6,-0.2373949478511057,-0.0324126865086407,0.2413015794847863,0.20632679133181905,3.33
COP,2025-03-10,2026-03-10,250,0.3452769198815796,7933317.6,-0.2209236049311247,-0.028971475419402,0.2734287715837651,0.20562260062376564,3.31
NTAP,2025-03-10,2026-03-10,250,0.3450954546436294,2152527.2,-0.2483337452658232,-0.0291828671672692,0.2596508415859189,0.2103963188378851,3.41
KVUE,2025-03-10,2026-03-10,250,0.3450748064461297,30959160.8,-0.4120375258408371,-0.026698292335252,0.2983173647124284,0.25661908979802445,4.31
BIIB,2025-03-10,2026-03-10,250,0.3436014665060116,1655847.6,-0.2107754812530178,-0.0303443099238284,0.2002691820546752,0.19188360995001963,3.05
CDW,2025-03-10,2026-03-10,250,0.3430465520640554,1474697.6,-0.3561652613119985,-0.0333550488435066,0.2595994890904213,0.23756628188994725,3.94
IR,2025-03-10,2026-03-10,250,0.342942080471242,3252228.8,-0.195492374431489,-0.0264220130809056,0.2511103877212095,0.1947067092717421,3.1
CARR,2025-03-10,2026-03-10,250,0.3428006841079032,6077474.0,-0.373793634822167,-0.0319663433311794,0.2400529783899039,0.23868984581683594,3.96
ETN,2025-03-10,2026-03-10,250,0.3427237184945679,2714462.8,-0.1935539951342558,-0.0313225364943919,0.2487518914273756,0.1947829421846072,3.1
IBM,2025-03-10,2026-03-10,250,0.3423757764981552,5004360.4,-0.2868644784556813,-0.0304827840399084,0.3092474574163432,0.22691254796636964,3.73
HAS,2025-03-10,2026-03-10,250,0.3409892320076444,1989153.6,-0.1944400331373206,-0.0231761098260895,0.2576128164401485,0.19418397259047696,3.09
PTC,2025-03-10,2026-03-10,250,0.3398015944631925,991795.2,-0.3107190650653147,-0.0310071539999458,0.2522970878898808,0.2236663394159236,3.67
CMI,2025-03-10,2026-03-10,250,0.3397325643227822,907192.0,-0.1931858938512343,-0.0285588252335134,0.2567931506666478,0.19444709063647053,3.1
CI,2025-03-10,2026-03-10,250,0.339641564686113,1812056.0,-0.2741216668687461,-0.0254912700171301,0.3344656712843976,0.22569104600500806,3.71
MTCH,2025-03-10,2026-03-10,250,0.3392215899147366,4252344.8,-0.2460683348584206,-0.0309365341183479,0.2357061478314461,0.20482681320384444,3.3
ACN,2025-03-10,2026-03-10,250,0.3387037970156837,4447404.8,-0.4099511652037855,-0.0383939459770631,0.2696716391937889,0.25222848796515057,4.23
MTD,2025-03-10,2026-03-10,250,0.337577820478206,164162.0,-0.2196159896716915,-0.0299811200814034,0.2217946797242582,0.19544337868696535,3.11
ISRG,2025-03-10,2026-03-10,250,0.3373373077622794,2085195.6,-0.2409266097383395,-0.0295949440395082,0.2246552535158519,0.20105016955565683,3.22
ADBE,2025-03-10,2026-03-10,250,0.3372926502437854,4334085.2,-0.4375741239329546,-0.0336458848611008,0.3011521573173215,0.2624833496991071,4.43
FFIV,2025-03-10,2026-03-10,250,0.3368640240306353,746794.4,-0.3472914394359446,-0.0319075855708455,0.2744407859161379,0.23542983597525122,3.9
MAS,2025-03-10,2026-03-10,250,0.3367540952081081,2428350.4,-0.2193182747648853,-0.0295394985388849,0.206634550003775,0.19275892064219852,3.06
HWM,2025-03-10,2026-03-10,250,0.3365743501171908,2655437.6,-0.1843595588032759,-0.0268688580220327,0.2435449935895872,0.18896775303738317,2.99
CAT,2025-03-10,2026-03-10,250,0.3364365317080255,2846504.0,-0.2005020750346019,-0.0317299040641151,0.2297214445498429,0.1918607108971583,3.04
SBUX,2025-03-10,2026-03-10,250,0.3362374056812046,9999533.6,-0.2013086769682411,-0.0280167131967585,0.2406632257974548,0.192901227455857,3.06
CRH,2025-03-10,2026-03-10,250,0.3355012515830254,5752654.4,-0.1872061371380419,-0.0334387165212782,0.209099674995409,0.18550462169626167,2.92
TEL,2025-03-10,2026-03-10,250,0.3351526354469176,1966225.2,-0.1909814802557443,-0.0332507975170502,0.2811068221117381,0.19710739437703037,3.15
HII,2025-03-10,2026-03-10,250,0.334141935205798,533875.6,-0.1402569850999544,-0.0252663825915329,0.2277472117687854,0.17452237242955457,2.71
EXE,2025-03-10,2026-03-10,250,0.3328941581491564,3694055.2,-0.229048467536257,-0.0321507663784125,0.2662674089912696,0.20350065602369807,3.27
TKO,2025-03-10,2026-03-10,250,0.3313543046373788,1190524.0,-0.1447650184439486,-0.0333311340483645,0.2358632544527714,0.17764334497634554,2.77
EXPD,2025-03-10,2026-03-10,250,0.331252601789003,1417987.6,-0.1588099401436438,-0.027004918783047,0.288993568950682,0.18782835519425228,2.97
AXP,2025-03-10,2026-03-10,250,0.3311854401470812,2993653.6,-0.2162211409124245,-0.0311145336188894,0.268023229263775,0.19983734178956183,3.2
CFG,2025-03-10,2026-03-10,250,0.3299992341930688,4986778.4,-0.189259553235207,-0.0252833424963991,0.2923722203988655,0.19522718017885463,3.11
CBRE,2025-03-10,2026-03-10,250,0.3289191439508352,1763323.2,-0.2058737935166907,-0.0301350013504163,0.2863016935245643,0.19911650257425995,3.19
F,2025-03-10,2026-03-10,250,0.3285882953526412,88164634.0,-0.1580042022471554,-0.0282823988253676,0.2104300887143081,0.17529853337404258,2.72
CF,2025-03-10,2026-03-10,250,0.3280854413099408,2692210.8,-0.2486796638006809,-0.0308920391803023,0.2383709877872367,0.20252964149147856,3.25
C,2025-03-10,2026-03-10,250,0.3269086996133165,14588884.4,-0.2194172080485047,-0.0292036225254756,0.2814114881486715,0.20097936647805023,3.22
LYV,2025-03-10,2026-03-10,250,0.326675529901488,2741559.6,-0.2783522786844374,-0.0275297847200397,0.2272256384256601,0.20718056782498795,3.34
IRM,2025-03-10,2026-03-10,250,0.3254828544978455,1777850.4,-0.2514934177918815,-0.0310727144805107,0.2414226022058782,0.20294620027197852,3.26
ERIE,2025-03-10,2026-03-10,250,0.3248087135965087,155622.8,-0.4137553173354442,-0.0371425048683533,0.2792414634752801,0.25019680648301224,4.19
TRMB,2025-03-10,2026-03-10,250,0.3244049108889374,1599738.4,-0.249413407488711,-0.0308972447339667,0.2668258154256123,0.20587820890967548,3.32
FDX,2025-03-10,2026-03-10,250,0.3230801844247452,1971880.4,-0.1984864993286051,-0.0277263788336448,0.2566197193875637,0.1905839645474275,3.02
BKNG,2025-03-10,2026-03-10,250,0.3222636570994013,276471.2,-0.3320209377479506,-0.0285847336447386,0.2305239695239876,0.2199802354243729,3.59
BDX,2025-03-10,2026-03-10,250,0.3222252995361419,3117940.06,-0.288514640478787,-0.0208969662290211,0.2991900057960706,0.21785417616820132,3.55
EMR,2025-03-10,2026-03-10,250,0.3219419700233926,3098508.8,-0.1839298756940843,-0.0317089570592158,0.2510359664931447,0.18656227858993243,2.94
TMO,2025-03-10,2026-03-10,250,0.3217045386051025,2344143.2,-0.2516723072259983,-0.0297766349476169,0.1995292197512236,0.19531419099972894,3.11
ROK,2025-03-10,2026-03-10,250,0.3215938680990831,940034.0,-0.1974710603735333,-0.0275034734868553,0.2300743880354349,0.1858578848048123,2.93
ZBH,2025-03-10,2026-03-10,250,0.3201770755993744,2017622.4,-0.2368652281823834,-0.0232756049248475,0.3094947991933486,0.20634882015264333,3.33
GS,2025-03-10,2026-03-10,250,0.3196456162870656,2296606.0,-0.2111478201457428,-0.0255291088862808,0.2542210735880107,0.19191966628050866,3.05
HBAN,2025-03-10,2026-03-10,250,0.3188444122177182,29501895.6,-0.1863192484197934,-0.029086043820602,0.2728130574937552,0.18897230654806008,2.99
DHR,2025-03-10,2026-03-10,250,0.3178403395468053,3996815.2,-0.1923156474482835,-0.0304138502839698,0.2122840908194429,0.18135642242573746,2.84
BG,2025-03-10,2026-03-10,250,0.3177983021562354,1796064.4,-0.1539174715683929,-0.0267532675246736,0.1757820565524335,0.16553687620402843,2.53
BXP,2025-03-10,2026-03-10,250,0.3176463927420875,1861973.2,-0.3220227866453837,-0.0351275080858571,0.2386852331023624,0.21862795477293492,3.57
AAPL,2025-03-10,2026-03-10,250,0.3174448705285819,53791625.2,-0.2298896680183736,-0.0323456968783922,0.2392410394381582,0.19506117531359554,3.11
A,2025-03-10,2026-03-10,250,0.3173521005759696,2014527.2,-0.2666942600160893,-0.0278822828105902,0.2059443356806004,0.19834735173043563,3.17
GE,2025-03-10,2026-03-10,250,0.3170769442909464,5389909.6,-0.2136426071239656,-0.0292798521522015,0.263102356999242,0.19385507760178539,3.08
SOLV,2025-03-10,2026-03-10,250,0.3170223160151874,1089333.2,-0.2036220227514321,-0.0286527143958155,0.2272284148666732,0.1858270974007709,2.93
CTSH,2025-03-10,2026-03-10,250,0.31587366582715,4649077.6,-0.292148620499101,-0.0320442855018054,0.2647102760726755,0.21391467489382113,3.48
OKE,2025-03-10,2026-03-10,250,0.315319514308876,4085914.8,-0.3457983273273585,-0.0309424325628875,0.2931984234177743,0.2312137106240634,3.81
DIS,2025-03-10,2026-03-10,250,0.3144512620196352,10256545.2,-0.1957484462574403,-0.0207989466997088,0.2477130000722071,0.1845892392708942,2.9
CVS,2025-03-10,2026-03-10,250,0.3128410889016598,8438677.6,-0.1464395886121908,-0.0315129096089764,0.3055067926223929,0.1825908364888964,2.86
FOXA,2025-03-10,2026-03-10,250,0.3127735343923633,3822965.2,-0.2889239183724946,-0.0293092076873621,0.2409309916258688,0.20806455634988458,3.36
FOX,2025-03-10,2026-03-10,250,0.3126003816523333,1505498.8,-0.2677095772305137,-0.0274690550239986,0.2466891074616821,0.2032047523505045,3.27
BSX,2025-03-10,2026-03-10,250,0.3117444651700121,9801000.4,-0.3402071492803153,-0.022501815862267,0.3165278908263307,0.2305546838705245,3.8
CTRA,2025-03-10,2026-03-10,250,0.3113206624313246,8296222.0,-0.2302452270306604,-0.0329406106972208,0.2561796600607096,0.19597258868929096,3.13
UPS,2025-03-10,2026-03-10,250,0.3108141671212932,6783906.8,-0.2804654903800478,-0.0272865075551246,0.2491732521247957,0.20619392680191057,3.33
KEY,2025-03-10,2026-03-10,250,0.3102951396920586,19461494.8,-0.2015692480776075,-0.0256729451282808,0.2649650690930846,0.1883602084549895,2.98
J,2025-03-10,2026-03-10,250,0.3098565242118636,901387.952,-0.2169179738726053,-0.0275567930225963,0.2606414764671365,0.19179414174619994,3.04
SJM,2025-03-10,2026-03-10,250,0.3091414892395167,1838148.8,-0.1957146697286277,-0.0260120567702276,0.2792859590393017,0.18876647381648293,2.98
PH,2025-03-10,2026-03-10,250,0.3089185204147373,690789.6,-0.2059229849857585,-0.0224864788705488,0.2547232930741975,0.18686223686776893,2.95
ADSK,2025-03-10,2026-03-10,250,0.3085399600317848,1677984.4,-0.3309464987525978,-0.0336714839166176,0.2290947721042919,0.21639718489192636,3.52
MS,2025-03-10,2026-03-10,250,0.3083923739672826,6317297.2,-0.2026358232051182,-0.0266438983771697,0.2546599630677241,0.18670445795660884,2.94
MMM,2025-03-10,2026-03-10,250,0.3083428982125364,3465544.4,-0.1785668656458942,-0.0277754411962648,0.2174370615457917,0.17531526220184315,2.72
TTWO,2025-03-10,2026-03-10,250,0.3061833220818875,1962252.8,-0.2742384596866983,-0.0289038746672647,0.2610013337577149,0.20534563750515827,3.31
HUBB,2025-03-10,2026-03-10,250,0.3061324972614336,561933.572,-0.1379902410628347,-0.0291678742409202,0.190772763417345,0.1607869767615853,2.44
FIS,2025-03-10,2026-03-10,250,0.3047816326602621,3918908.4,-0.4248707612835822,-0.0308945561293065,0.250745211559806,0.24144289859610973,4.01
GOOGL,2025-03-10,2026-03-10,250,0.304192764123197,37358322.8,-0.1516182273494628,-0.0243917579845968,0.1819483906818799,0.16133299895030576,2.45
GPC,2025-03-10,2026-03-10,250,0.3037483412284392,1273198.4,-0.2438398273083167,-0.0232380347471391,0.254310027257603,0.19487864877597194,3.1
HST,2025-03-10,2026-03-10,250,0.3019492592722457,9252079.6,-0.1603307397455451,-0.0244207124946935,0.1890167117547454,0.16390412278859018,2.5
TROW,2025-03-10,2026-03-10,250,0.3018414382416314,1827516.0,-0.1707182496644348,-0.0300697180820745,0.212016058449008,0.17104840099141744,2.64
PNR,2025-03-10,2026-03-10,250,0.3016896892415817,1491775.6,-0.1774593092469993,-0.0237588373820545,0.2253806825252272,0.1734306709735851,2.68
MAR,2025-03-10,2026-03-10,250,0.3015481323549704,1633131.6,-0.1490870850952584,-0.0283804562502,0.1852355543399362,0.16119769661335126,2.44
MCO,2025-03-10,2026-03-10,250,0.3014734037924834,895622.4,-0.2360593286958607,-0.0240480809021808,0.2533742015909325,0.19227271138485866,3.05
GEN,2025-03-10,2026-03-10,250,0.3014223101487998,4666493.2,-0.3173161419519509,-0.0331269266333819,0.2091700762905766,0.20775664673225394,3.36
NTRS,2025-03-10,2026-03-10,250,0.3009152990067286,1369644.0,-0.1687992713595286,-0.0280943894041071,0.2149586073054305,0.1703371495301565,2.62
GOOG,2025-03-10,2026-03-10,250,0.3009036696039097,24235330.8,-0.1516869544504929,-0.0235922409312228,0.1827962218175978,0.16033072507888754,2.43
PPG,2025-03-10,2026-03-10,250,0.3007150830785993,2016284.0,-0.1974943463880867,-0.0296038018765195,0.2105327107421859,0.1770888281033965,2.76
RF,2025-03-10,2026-03-10,250,0.3001225972846965,15382112.0,-0.1819802916839291,-0.0264265686060164,0.2520614417750425,0.17862638859490831,2.79
MSCI,2025-03-10,2026-03-10,250,0.2999583308126321,638495.2,-0.1807282505348811,-0.0254220869128168,0.2540994809750766,0.17836905802433814,2.78
DE,2025-03-10,2026-03-10,250,0.2991601387116365,1409305.2,-0.1682875574518634,-0.0240043411399112,0.1841395337166309,0.16424180021883428,2.5
FTV,2025-03-10,2026-03-10,250,0.298850828491872,3883125.408,-0.1859752373148118,-0.0290909390217242,0.2201842173657525,0.17499490403791748,2.71
AMP,2025-03-10,2026-03-10,250,0.2986492299350096,555219.6,-0.1851079800794229,-0.033675589794824,0.2481681610374164,0.17983228622352695,2.81
FITB,2025-03-10,2026-03-10,250,0.2976014969429496,7114081.6,-0.1642056068156295,-0.0265972827400498,0.2519064116609101,0.17343728314056495,2.68
WFC,2025-03-10,2026-03-10,250,0.2961322904360772,16335196.0,-0.1790522303511784,-0.0299828337384938,0.2457403954421595,0.17646037690439095,2.74
EOG,2025-03-10,2026-03-10,250,0.296007567433162,4017344.8,-0.1955369030746662,-0.026477452309574,0.2264775165349462,0.17695363883282872,2.75
IFF,2025-03-10,2026-03-10,250,0.295722772805704,2010302.8,-0.2616939606962928,-0.0277980901686056,0.1970282965790382,0.1892542342800866,2.99
MRK,2025-03-10,2026-03-10,250,0.2952811244715894,14148590.8,-0.2249182841689866,-0.0285089441046241,0.2017608697264218,0.18077983473145273,2.83
LDOS,2025-03-10,2026-03-10,250,0.2952739245154921,1069384.0,-0.1886899912944261,-0.0245134838953182,0.2500068677765341,0.17815849563548922,2.78
SPGI,2025-03-10,2026-03-10,250,0.2950292078022083,1639346.4,-0.3047758206839758,-0.0270771485405781,0.2955364127346567,0.2144486701298538,3.49
BEN,2025-03-10,2026-03-10,250,0.2946232229890017,4642507.2,-0.1750273419030988,-0.0284983720648347,0.2033366531737773,0.16834399630158914,2.58
EIX,2025-03-10,2026-03-10,250,0.2932853096295947,3454218.0,-0.1812085822951729,-0.0256221332496353,0.2361746876424133,0.17383839720906488,2.69
JCI,2025-03-10,2026-03-10,250,0.2930220186017563,4851273.2,-0.1583057953529726,-0.0208756183088982,0.2311835360798581,0.16633572910566957,2.54
NOC,2025-03-10,2026-03-10,250,0.2927361604672007,899557.2,-0.1556100111479291,-0.0187557879774581,0.2553039984971956,0.16877021946289456,2.59
CAH,2025-03-10,2026-03-10,250,0.2926000215647462,2272601.2,-0.1287956592838872,-0.0230634957682339,0.2005443915414792,0.15467332317768584,2.32
ZTS,2025-03-10,2026-03-10,250,0.292002799876175,3709190.4,-0.3156698804849528,-0.0280047813935304,0.2597169956191518,0.2110768426657234,3.42
MET,2025-03-10,2026-03-10,250,0.2916473792997328,3497784.8,-0.18721784982422,-0.0305083414468753,0.2480864056167545,0.1776133339673782,2.77
VRSK,2025-03-10,2026-03-10,250,0.2916318098568102,1320234.0,-0.4698343817632535,-0.0256208324732665,0.2660821851767287,0.24998470841311005,4.18
TXT,2025-03-10,2026-03-10,250,0.2915926707241865,1554594.8,-0.1934112687086492,-0.0240203785470302,0.2559748030989911,0.1790309788940751,2.79
STZ,2025-03-10,2026-03-10,250,0.2909565663292424,2414293.6,-0.3385003693269749,-0.0274607799166474,0.1957976267418263,0.20677390364508577,3.34
TT,2025-03-10,2026-03-10,250,0.2907409152676552,1410618.0,-0.2015735879021418,-0.0294350423511424,0.2068980211247802,0.17453745408564175,2.71
PCAR,2025-03-10,2026-03-10,250,0.2896833978929551,3108204.0,-0.174942660627582,-0.0232354927141244,0.1677444413698258,0.16044948144599086,2.43
AMGN,2025-03-10,2026-03-10,250,0.2894847363685104,2698904.0,-0.1775219966646716,-0.0281384950592187,0.1888340403131938,0.16517876218760752,2.52
GILD,2025-03-10,2026-03-10,250,0.2890448187266553,7728669.6,-0.1471628047778536,-0.0274640002442415,0.1673237353848949,0.15409552010787833,2.31
BMY,2025-03-10,2026-03-10,250,0.2886807808675084,14365219.6,-0.2809408896553477,-0.0292716951711779,0.2023340167676381,0.19304390518472825,3.07
STT,2025-03-10,2026-03-10,250,0.2882998834339458,2029835.2,-0.1818335749227633,-0.0279027451230895,0.2623428756748385,0.17688038840177717,2.75
PFG,2025-03-10,2026-03-10,250,0.2881521043345028,1369777.6,-0.1929458131665919,-0.0285094932745263,0.2371155319244428,0.17595138604006919,2.73
BLK,2025-03-10,2026-03-10,250,0.2880932869002818,697981.6,-0.1971947111784869,-0.0256787678376627,0.2364030301327402,0.17632301522219695,2.74
AMCR,2025-03-10,2026-03-10,250,0.2875024462279255,5641907.92,-0.2132797772654834,-0.0268013048972232,0.2420310985427887,0.18123562167010884,2.84
HSIC,2025-03-10,2026-03-10,250,0.2872189091416047,1540832.8,-0.1692781532021694,-0.0277736730616689,0.1838115141326494,0.16161173767518122,2.45
EQIX,2025-03-10,2026-03-10,250,0.2869930873434387,599648.4,-0.196282449396813,-0.0225185139047773,0.2254222371067138,0.1734857436633099,2.68
TSCO,2025-03-10,2026-03-10,250,0.2868567358165576,5726228.4,-0.201156954501039,-0.0290003484932673,0.2079934479216149,0.17334536372062145,2.68
TFC,2025-03-10,2026-03-10,250,0.2868358591101481,8736844.4,-0.1746143981486444,-0.0233870971124917,0.246374570709998,0.17133797374498239,2.64
TDG,2025-03-10,2026-03-10,250,0.2861455535331627,322562.0,-0.1838648763077953,-0.0204873570001635,0.2980528240176541,0.18061559015653636,2.82
IEX,2025-03-10,2026-03-10,250,0.2845889184812717,714165.6,-0.1702335709217161,-0.0232727131171017,0.2230822546702097,0.16605208912211264,2.54
AJG,2025-03-10,2026-03-10,250,0.2838345785348724,1692654.0,-0.4088142394199718,-0.0292197835470338,0.2570850654023569,0.23176070901399945,3.83
CPB,2025-03-10,2026-03-10,250,0.2831126911271628,5678425.6,-0.3453022879888062,-0.0314014666794392,0.1894934590163204,0.20596370913419834,3.32
MCK,2025-03-10,2026-03-10,250,0.2826930948148091,820040.4,-0.1051743512723458,-0.0281283623845158,0.1897447519282698,0.14518902347373558,2.13
PCG,2025-03-10,2026-03-10,250,0.2820106857255318,22792920.4,-0.2712214808191087,-0.0272234617744803,0.1929018959519576,0.18678855705745342,2.95
BRO,2025-03-10,2026-03-10,250,0.2815844277681391,2933268.8,-0.4574272769188816,-0.0260522795770436,0.2748794406933414,0.2452745536712195,4.09
RJF,2025-03-10,2026-03-10,250,0.28126148782728,1287320.0,-0.1524608334228216,-0.0276050698627876,0.2349629365117709,0.16325918683391535,2.48
CCI,2025-03-10,2026-03-10,250,0.2808190499405339,3335687.2,-0.2960203977902162,-0.0243472606572397,0.2095761362115657,0.1945567169717182,3.1
CSCO,2025-03-10,2026-03-10,250,0.2796437771363469,21625662.4,-0.1357455513367353,-0.0232632632098245,0.2473757606134522,0.1595885423332062,2.41
RTX,2025-03-10,2026-03-10,250,0.2796203969843542,5287689.6,-0.1615068398515571,-0.0214957974998582,0.2460031419671739,0.1654624787650911,2.53
AIZ,2025-03-10,2026-03-10,250,0.2795943893928818,424502.0,-0.1628395278474484,-0.027021796927523,0.2239895295939463,0.16359122317391867,2.49
APD,2025-03-10,2026-03-10,250,0.2786513125851675,1290624.8,-0.2239071556452532,-0.0224101283771038,0.2070290244415866,0.17510863951031447,2.72
ADM,2025-03-10,2026-03-10,250,0.2785951397749138,3740758.4,-0.140830651180725,-0.0235432957435394,0.1966285115636164,0.15298916734344567,2.28
NVR,2025-03-10,2026-03-10,250,0.2779898342272394,22170.8,-0.1955952493086444,-0.0265441544144327,0.1776391706160385,0.16425497930434552,2.5
WY,2025-03-10,2026-03-10,250,0.277871318858007,5275600.0,-0.2793365423672989,-0.0280469750241351,0.1773620453726383,0.1854092520151359,2.92
HRL,2025-03-10,2026-03-10,250,0.2755465187656153,4110019.2,-0.3100097282117074,-0.0225471282064175,0.2455367690179224,0.20150635300736397,3.23
TMUS,2025-03-10,2026-03-10,250,0.2755020720274165,4952698.0,-0.3079490869884732,-0.0264305293025316,0.2386455827309445,0.20072085681650223,3.22
DOV,2025-03-10,2026-03-10,250,0.2753937916785349,1157401.2,-0.1862818300294055,-0.0244833744560554,0.1944416504185984,0.16325160386530144,2.48
PRU,2025-03-10,2026-03-10,250,0.2752420249055547,1815138.0,-0.181003615279637,-0.0320841973421692,0.2267136395742962,0.16824745178835346,2.58
LMT,2025-03-10,2026-03-10,250,0.2742225986605943,1609080.8,-0.1556378745118326,-0.025318251274501,0.2450211203612428,0.1629931286824675,2.48
VRSN,2025-03-10,2026-03-10,250,0.2738152800318639,865975.2,-0.3020902233680437,-0.0234226047451261,0.2370063012174253,0.19790272145982382,3.16
HSY,2025-03-10,2026-03-10,250,0.2734101740361696,1727923.6,-0.1700245946426796,-0.0262520278045603,0.1684172311631792,0.1550422489798053,2.32
NDSN,2025-03-10,2026-03-10,250,0.2733511567590615,389217.2,-0.2019233122240777,-0.0210322660858181,0.1790121755524426,0.16354471155906072,2.49
KR,2025-03-10,2026-03-10,250,0.2729405491195232,7198599.2,-0.1943643360034063,-0.0249213482875995,0.1625337104650649,0.1598375888555778,2.42
PLD,2025-03-10,2026-03-10,250,0.2724114013267661,4037732.4,-0.2271782951226735,-0.0288819762798723,0.2151279421653528,0.1765636055258457,2.75
PKG,2025-03-10,2026-03-10,250,0.2720309680348309,837338.8,-0.1260925031625321,-0.0241667895034271,0.1788602600468943,0.14479493253463116,2.12
BAC,2025-03-10,2026-03-10,250,0.2713203778483212,40422480.8,-0.2054067504216377,-0.0267619304685494,0.2524726401101875,0.17597108554401467,2.73
KDP,2025-03-10,2026-03-10,250,0.2709447945816882,14288678.8,-0.2801184549549742,-0.0210489276244534,0.2445396699245398,0.19220379512536886,3.05
USB,2025-03-10,2026-03-10,250,0.2702187103475874,10361774.4,-0.1584229908625167,-0.0231179323558143,0.2242809899458996,0.15893710543380896,2.4
EXR,2025-03-10,2026-03-10,250,0.2687864384322243,1174034.8,-0.1670063021498068,-0.0226965320336158,0.211048991020797,0.15858424730323997,2.39
NWS,2025-03-10,2026-03-10,250,0.2686807354139446,1016937.2,-0.2684307795662231,-0.0263016919059443,0.2130864555033499,0.18493532055682288,2.91
CPRT,2025-03-10,2026-03-10,250,0.2685672524323618,7526709.2,-0.4473684414947996,-0.0275229730738146,0.2372158126928866,0.23349926590812137,3.86
ABBV,2025-03-10,2026-03-10,250,0.2683813353919596,6483518.8,-0.1992701683711537,-0.0288559624474755,0.213371561430959,0.16810888483823616,2.58
HCA,2025-03-10,2026-03-10,250,0.2677894796410586,1361875.6,-0.1417348991479123,-0.0296457873013391,0.2016710268934873,0.15195045360167833,2.26
PAYX,2025-03-10,2026-03-10,250,0.2676831642242963,2857535.6,-0.4377993370827834,-0.0268669658862081,0.2269435998473595,0.2291697516875076,3.77
NDAQ,2025-03-10,2026-03-10,250,0.2672465346221211,3696040.8,-0.2175678718653337,-0.0229129632577759,0.238548811097848,0.17493086972517322,2.71
ES,2025-03-10,2026-03-10,250,0.2665360486124564,2661922.8,-0.1513087565539865,-0.021852881791489,0.2492283077168491,0.15954286380487412,2.41
ALLE,2025-03-10,2026-03-10,250,0.2664599923411397,931239.2,-0.1643767105658108,-0.0228043804979193,0.1897577094316387,0.15405681524180465,2.3
PFE,2025-03-10,2026-03-10,250,0.2650778528212031,52335370.4,-0.1793994891029255,-0.0288769225074147,0.179209507035606,0.15703004058966977,2.36
DRI,2025-03-10,2026-03-10,250,0.2638218165394795,1407266.0,-0.2391957700424362,-0.0244910910077351,0.1916026773246518,0.1725841783324184,2.67
BALL,2025-03-10,2026-03-10,250,0.2638089002702415,2569646.4,-0.2196482315915914,-0.0251313878475742,0.1731781314659892,0.16505776418422854,2.52
ROST,2025-03-10,2026-03-10,250,0.263769891119015,2931657.2,-0.1768328654049668,-0.0191879587773297,0.1834457212283307,0.15469366773705018,2.32
MTB,2025-03-10,2026-03-10,250,0.2636998287969387,1175900.4,-0.1443247338725749,-0.0245962464889346,0.2082167572534682,0.15134298003417626,2.25
NWSA,2025-03-10,2026-03-10,250,0.2635027788466878,3720642.0,-0.2781179874890092,-0.0238179286966145,0.2003084180284844,0.18339020584692892,2.88
WAB,2025-03-10,2026-03-10,250,0.2631837844886041,968824.4,-0.154957869065939,-0.021618334111133,0.1999063911672905,0.1520043313281589,2.26
MSFT,2025-03-10,2026-03-10,250,0.2627223536768544,24774027.6,-0.2877879644018155,-0.0241149171421264,0.2092380250347728,0.18697238842363656,2.95
XYL,2025-03-10,2026-03-10,250,0.2621208368155273,1464859.2,-0.1898201891085125,-0.0195546814029744,0.200091343618239,0.1600160044110171,2.42
ALL,2025-03-10,2026-03-10,250,0.262079028530436,1613316.8,-0.1410695033251715,-0.0270694125189695,0.2111436956116921,0.15097658322003923,2.24
EG,2025-03-10,2026-03-10,250,0.2620699659491821,386418.4,-0.165480228595557,-0.0227749336184311,0.227924823409089,0.1587350159548724,2.4
NEE,2025-03-10,2026-03-10,250,0.2618406380919038,10874924.8,-0.1339997686516637,-0.0257022556338853,0.2058360553425464,0.1480680022141111,2.19
WTW,2025-03-10,2026-03-10,250,0.2610618372250537,691059.6,-0.1973691551867348,-0.0228773213483995,0.2423606794215765,0.168590550852226,2.59
HLT,2025-03-10,2026-03-10,250,0.2610426022223258,1984485.6,-0.1429787818113143,-0.0273813581344226,0.1711299595494474,0.1452032920696948,2.13
MKC,2025-03-10,2026-03-10,250,0.260032499954176,2743119.2,-0.2500706129410344,-0.0240511677865327,0.1811235743608697,0.17250620938778546,2.67
FAST,2025-03-10,2026-03-10,250,0.2599447816144064,7080913.6,-0.219021167865283,-0.0223871009447456,0.1818954114464176,0.16450047247902386,2.51
CTVA,2025-03-10,2026-03-10,250,0.2599028781120134,4082799.6,-0.207101216204136,-0.01993883668362,0.2419160956509835,0.17002137366200096,2.62
PNC,2025-03-10,2026-03-10,250,0.2598182659358287,2281198.0,-0.1539460741174884,-0.0241957796615928,0.2135762200914643,0.15330763109275536,2.29
CAG,2025-03-10,2026-03-10,250,0.258808896728927,10215182.8,-0.3668780305170487,-0.0263268140234092,0.1652467614210828,0.19941456345513361,3.19
AIG,2025-03-10,2026-03-10,250,0.258621716702671,4612209.6,-0.1697655697244989,-0.0238868339533557,0.2184666127233534,0.15757528782267735,2.37
VMC,2025-03-10,2026-03-10,250,0.2578096663411501,1040722.8,-0.1680548237761581,-0.0268932260500432,0.1951290607876294,0.15400470626151092,2.3
KMB,2025-03-10,2026-03-10,250,0.2571496060245625,3807722.8,-0.3068743821258558,-0.0216587517843409,0.2471736658984842,0.19527130384288258,3.11
KHC,2025-03-10,2026-03-10,250,0.25653787449776,14596652.4,-0.2464098170108498,-0.0285798742268047,0.1966469369965511,0.17377683884776945,2.69
GWW,2025-03-10,2026-03-10,250,0.2559689798182197,289780.0,-0.1625798459310672,-0.0230531827639406,0.2114322777583238,0.15376147873295667,2.3
RMD,2025-03-10,2026-03-10,250,0.2557350207968492,1026408.4,-0.1780107130386856,-0.0255719697586227,0.1778044172099729,0.1530083384589577,2.28
AOS,2025-03-10,2026-03-10,250,0.2557349822658935,1404381.6,-0.1441018771623722,-0.0256700569194682,0.1660209493045663,0.14278318895560682,2.08
AZO,2025-03-10,2026-03-10,250,0.2551197172232095,142890.4,-0.2548191329586197,-0.0272094645453895,0.1995241347851386,0.1756119113656467,2.73
PGR,2025-03-10,2026-03-10,250,0.2551186294775838,3409660.8,-0.2997243730415568,-0.0245561893355748,0.213769394011042,0.18844335840085752,2.98
LOW,2025-03-10,2026-03-10,250,0.2549969505842698,2845346.0,-0.1918190131838386,-0.0244669751582669,0.1584449609951099,0.15311401279725875,2.29
TAP,2025-03-10,2026-03-10,250,0.2547746675933627,2814244.0,-0.2950703742732127,-0.02565320962177,0.169451639399155,0.18074841721404825,2.83
PM,2025-03-10,2026-03-10,250,0.2547685880160015,6017010.4,-0.206363523598938,-0.0263995407960415,0.2180052782559563,0.16600217382168309,2.54
JPM,2025-03-10,2026-03-10,250,0.2547124337463685,9621589.6,-0.1575072066927217,-0.0235758261463986,0.210904040039423,0.1521413134255761,2.27
OTIS,2025-03-10,2026-03-10,250,0.2545352202426467,2986014.4,-0.1822045064268805,-0.0198669942189846,0.2601292677275094,0.16490451517188293,2.52
ROP,2025-03-10,2026-03-10,250,0.2544889712606437,961844.0,-0.4639849237696672,-0.0249938330324256,0.2294377161539979,0.23175745031705008,3.83
CMCSA,2025-03-10,2026-03-10,250,0.2543217024867721,29087495.104,-0.2713219691767675,-0.0250734832318473,0.1759958339095232,0.1755410782109248,2.73
SPG,2025-03-10,2026-03-10,250,0.254155410316466,1621765.2,-0.1762807476394101,-0.0186405328666494,0.2082230899143095,0.1552784417264378,2.33
JKHY,2025-03-10,2026-03-10,250,0.2534015480931538,813783.2,-0.2083916893444619,-0.0233447416411735,0.2115706387280605,0.16452305378420573,2.51
BR,2025-03-10,2026-03-10,250,0.2532027225828989,760011.6,-0.3670908656766243,-0.0264120913711252,0.2140554187550985,0.2051243958582815,3.3
HOLX,2025-03-10,2026-03-10,250,0.253170102331877,2892306.4,-0.1575331616282778,-0.0236101033731104,0.1747775601599622,0.14627301037972054,2.15
SCHW,2025-03-10,2026-03-10,250,0.253106158256516,9467863.6,-0.1447677578198183,-0.0227574202713206,0.2202081067886419,0.1497064975665135,2.22
TDY,2025-03-10,2026-03-10,250,0.2525830300461068,344955.6,-0.1838718284328291,-0.0194075011009321,0.1828463452328649,0.15305160801869544,2.29
WMB,2025-03-10,2026-03-10,250,0.2517162321604126,7395354.8,-0.1236042846566283,-0.022829153796834,0.2033581682287605,0.14148551032796158,2.06
LH,2025-03-10,2026-03-10,250,0.2517144629445571,734914.4,-0.1522358918577859,-0.0228735323936676,0.1686701208055881,0.14344867251746904,2.1
HON,2025-03-10,2026-03-10,250,0.2514874421154112,4294841.796,-0.1603264706210455,-0.0209328392324588,0.180349799021912,0.14676691127340258,2.16
STE,2025-03-10,2026-03-10,250,0.2513347147451448,653930.0,-0.1501986381182927,-0.019514463360791,0.1633991192022441,0.14136298742694411,2.06
GL,2025-03-10,2026-03-10,250,0.2513012861719276,595155.6,-0.147041032787484,-0.0230763181031302,0.1855607599546619,0.14460018968527896,2.12
DPZ,2025-03-10,2026-03-10,250,0.2512000439521565,672045.6,-0.2403953127026327,-0.0232654195887791,0.1478111056955327,0.16228373993259615,2.47
SBAC,2025-03-10,2026-03-10,250,0.2509187348558896,959406.0,-0.2505405983946759,-0.0267984343787849,0.1720450341975884,0.16907731629188213,2.6
CVX,2025-03-10,2026-03-10,250,0.2506623654587883,9609196.4,-0.2063973282855925,-0.0226169787087424,0.2153720059896671,0.16362724875592954,2.49
COR,2025-03-10,2026-03-10,250,0.2500964221288926,1474762.8,-0.1194930572850357,-0.0243497009646576,0.2207804914474795,0.1428892726774487,2.09
DLR,2025-03-10,2026-03-10,250,0.2491271925721117,1902522.4,-0.1682612280294874,-0.0252585365679059,0.1622128876862818,0.14618715780730018,2.15
AON,2025-03-10,2026-03-10,250,0.2487335951547972,1324894.4,-0.2213083780269843,-0.0226456533323344,0.2196807653446003,0.16742849399899873,2.57
MLM,2025-03-10,2026-03-10,250,0.2483411999315426,438954.4,-0.137507927764206,-0.0241630492934289,0.1770755368146215,0.1402735101149707,2.03
ESS,2025-03-10,2026-03-10,250,0.2480533379335688,496156.8,-0.1801519306645627,-0.0256637957233743,0.2049483232409494,0.15532919322581004,2.33
XOM,2025-03-10,2026-03-10,250,0.2477747161246648,17098223.6,-0.1605343306295898,-0.0251696454559975,0.1902876223052103,0.14804307578033837,2.19
SHW,2025-03-10,2026-03-10,250,0.247507114387743,1831107.2,-0.1428994988073747,-0.023091511008134,0.1542368027433222,0.13773088624302898,1.99
AMT,2025-03-10,2026-03-10,250,0.2460328899914693,2923384.4,-0.2612457542507663,-0.0286830109785137,0.179884081377686,0.1718405541694044,2.65
AVY,2025-03-10,2026-03-10,250,0.2459067894973053,711082.8,-0.1422344309547859,-0.0224883335062684,0.1294656775328538,0.1332483035494709,1.9
WMT,2025-03-10,2026-03-10,250,0.2452738026573357,21562114.0,-0.0887923531063387,-0.0210438889622657,0.1482868167112414,0.1222320340106887,1.68
EA,2025-03-10,2026-03-10,250,0.2449481480915558,2977542.8,-0.0902038709357073,-0.0198851721609478,0.162170802526947,0.12433810055735363,1.72
ROL,2025-03-10,2026-03-10,250,0.2449410558814111,2245591.6,-0.1197463603489323,-0.0188796759698512,0.2171773017379404,0.13977148183799276,2.03
ACGL,2025-03-10,2026-03-10,250,0.2444729412862935,2037465.2,-0.1260573644826272,-0.0268491992852421,0.1928473221896594,0.13915321077261097,2.01
SNA,2025-03-10,2026-03-10,250,0.2438967449082825,347642.4,-0.1456459164810609,-0.0196805627382769,0.1716462485136834,0.1392638400685394,2.02
LHX,2025-03-10,2026-03-10,250,0.243398019889675,1340333.6,-0.1085737010001121,-0.0231919115071125,0.1576766298971452,0.1284527826111607,1.8
DOC,2025-03-10,2026-03-10,250,0.2432289295017383,7561085.6,-0.1897387488748201,-0.0217071946497322,0.1903300641951235,0.15329432785405375,2.29
BK,2025-03-10,2026-03-10,250,0.2416701053645225,3802350.0,-0.1400585551462827,-0.0217867098998359,0.2085632055251406,0.14315751950418404,2.09
GIS,2025-03-10,2026-03-10,250,0.2406255880203816,6398409.6,-0.2864903433965273,-0.0247585865855495,0.1772178326495449,0.17534467009866925,2.72
MA,2025-03-10,2026-03-10,250,0.2400534791320149,3025546.4,-0.1695090215092924,-0.0212727372593529,0.1953759259928832,0.14795426851960086,2.19
ABT,2025-03-10,2026-03-10,250,0.2395652118145544,7219108.0,-0.2211635168288623,-0.0200286781459938,0.219848601690237,0.16414348248644117,2.5
V,2025-03-10,2026-03-10,250,0.239232904315075,6759080.8,-0.17413948804288,-0.0231396435830213,0.193825776841963,0.14900655334305016,2.21
CSX,2025-03-10,2026-03-10,250,0.2390354274919462,15754723.6,-0.1200131620975261,-0.0227882045835318,0.1671966145963819,0.13135105822543136,1.86
VZ,2025-03-10,2026-03-10,250,0.2389410093912361,24476101.2,-0.1331537379922993,-0.0189088514426478,0.1685838805772929,0.134040093776187,1.91
DGX,2025-03-10,2026-03-10,250,0.2384508184099515,1087201.2,-0.0980504411233473,-0.0208447809371389,0.1485995077595663,0.12250683013439549,1.69
TSN,2025-03-10,2026-03-10,250,0.2356405174670026,2893259.2,-0.1907852210820635,-0.0206215807004675,0.1683857753869897,0.14777067752184422,2.18
CINF,2025-03-10,2026-03-10,250,0.2354445391670567,624705.2,-0.1429732407825352,-0.0213780117668657,0.1841904289869233,0.13828099872241062,2.0
WRB,2025-03-10,2026-03-10,250,0.2352064794261404,2306988.8,-0.1510324539216433,-0.021634579827494,0.1905901370651454,0.14123553718005247,2.05
EW,2025-03-10,2026-03-10,250,0.2343934435813477,4384016.0,-0.1273291854607999,-0.0219900512791337,0.1380626958186292,0.12725776687835594,1.78
ITW,2025-03-10,2026-03-10,250,0.2336061625767743,1170814.0,-0.1424155289453933,-0.0188789493986224,0.1678179830014092,0.13463430374990654,1.92
HD,2025-03-10,2026-03-10,250,0.2335239927260548,3852632.4,-0.2150111356037434,-0.0205885577650566,0.145661613431371,0.14977696124274115,2.22
AME,2025-03-10,2026-03-10,250,0.2325656196634781,1363234.8,-0.1574291024190836,-0.0174960223628398,0.1495274370597786,0.13505535489023018,1.93
MRSH,2025-03-10,2026-03-10,250,0.2321959785615384,2585150.0,-0.2896149656364429,-0.019905400236863,0.2075288428720229,0.1771729801382082,2.76
KMI,2025-03-10,2026-03-10,250,0.2320823346229388,13909075.2,-0.1282849488117019,-0.0205062706444,0.2098912904225762,0.13728089247162364,1.98
EQR,2025-03-10,2026-03-10,250,0.2318664714409161,2264510.8,-0.1643556904024659,-0.0218842441245679,0.1719672732075236,0.14082084799856198,2.05
CLX,2025-03-10,2026-03-10,250,0.231684788069811,1936543.2,-0.3253482052757941,-0.0270262506955939,0.1635556667994896,0.18078113953731131,2.83
MSI,2025-03-10,2026-03-10,250,0.2315785929083182,1071672.8,-0.2544827242169538,-0.0202043505122595,0.209673658409296,0.1685862711025563,2.59
UDR,2025-03-10,2026-03-10,250,0.2313682942629675,2836036.8,-0.235261735271498,-0.0203298010489026,0.1664058940372067,0.15725280167258718,2.37
AWK,2025-03-10,2026-03-10,250,0.2311198167978694,1559756.0,-0.1761307194790409,-0.0230248243658597,0.1546090446359919,0.1411650105902426,2.05
SYY,2025-03-10,2026-03-10,250,0.2300650906290858,3250178.8,-0.1225674172308478,-0.0210917540609072,0.128012155844649,0.12308158645284509,1.7
UNP,2025-03-10,2026-03-10,250,0.2298487781372406,3625399.6,-0.1266040147166278,-0.0209475130005278,0.1672772624935058,0.12988675667761923,1.83
T,2025-03-10,2026-03-10,250,0.229796076573825,40452062.4,-0.2059361138925541,-0.0228653923412963,0.1761305953097538,0.15141552168207012,2.25
PSA,2025-03-10,2026-03-10,250,0.2291422027542751,955896.0,-0.1619923746678874,-0.0210677007868241,0.149466962943668,0.135874443705951,1.95
AVB,2025-03-10,2026-03-10,250,0.2286348905443837,953330.4,-0.1912399653645956,-0.0232214575185578,0.1808461474887016,0.14817177702679843,2.19
CHD,2025-03-10,2026-03-10,250,0.2286271366796635,2282676.0,-0.2662259379406742,-0.0213104344167115,0.1660238488236655,0.1643103335041726,2.51
YUM,2025-03-10,2026-03-10,250,0.2282310768783121,2050261.6,-0.1388126548375394,-0.0189676970425972,0.1718851815802318,0.13274885219267263,1.89
KIM,2025-03-10,2026-03-10,250,0.2281236070465157,4956980.0,-0.1282050923560784,-0.0214104496954285,0.1527795742850255,0.12768740145838317,1.79
MNST,2025-03-10,2026-03-10,250,0.2275029977185018,5809893.2,-0.127509838273746,-0.0218741394148213,0.1626774163405942,0.12890481643005783,1.81
VLTO,2025-03-10,2026-03-10,250,0.2274867524911635,1524829.6,-0.1728351043941809,-0.0193024159801089,0.1679460755104574,0.14050726194954002,2.04
NSC,2025-03-10,2026-03-10,250,0.2264439845234957,1544632.0,-0.1350967304209264,-0.0196805648956014,0.1662494635196593,0.13058097520964704,1.85
PEP,2025-03-10,2026-03-10,250,0.2258825960912092,8392636.4,-0.1567648663222833,-0.0219264736012746,0.1322024694579461,0.131171672462086,1.86
ADP,2025-03-10,2026-03-10,250,0.225473208548746,2145418.0,-0.360103848160094,-0.0214472635629996,0.1901555485984745,0.19048075621796012,3.02
MDLZ,2025-03-10,2026-03-10,250,0.2233585543139384,8980334.4,-0.2593276844265172,-0.0230498431480579,0.1618265044350832,0.16072344283112644,2.44
SRE,2025-03-10,2026-03-10,250,0.2226623767916434,3972446.0,-0.1243822151715562,-0.0183534572292956,0.1608254122283284,0.12568879528389112,1.75
FRT,2025-03-10,2026-03-10,250,0.2213262119171287,751104.0,-0.1566411117733109,-0.0191266889621155,0.1484706266850435,0.13165420645082382,1.87
ORLY,2025-03-10,2026-03-10,250,0.2199872098974632,5612740.4,-0.162122086870797,-0.0213782322756859,0.145000514683191,0.13255242616115967,1.88
ICE,2025-03-10,2026-03-10,250,0.219630357593948,3362572.4,-0.2252752177284475,-0.0178913044845789,0.1949150932579836,0.15502346633503736,2.32
CPT,2025-03-10,2026-03-10,250,0.2192637366257047,1120957.2,-0.1899896261943677,-0.0224130269598115,0.161744575420952,0.1420209084508009,2.07
SYK,2025-03-10,2026-03-10,250,0.2186270330656286,1562237.6,-0.1330462221367109,-0.0201169771183356,0.1528666643003835,0.12580312453329967,1.75
GD,2025-03-10,2026-03-10,250,0.2178660163046482,1242616.0,-0.1027387519689448,-0.0196942691115036,0.1618447929053354,0.1192601461170511,1.62
CBOE,2025-03-10,2026-03-10,250,0.217797175367615,857682.0,-0.0905033195172347,-0.0224453145555927,0.1494751600694463,0.11487543600432218,1.54
INVH,2025-03-10,2026-03-10,250,0.2170861022196948,4626841.2,-0.2651097951335918,-0.022092269375423,0.1519597248105164,0.15861571365898133,2.39
CL,2025-03-10,2026-03-10,250,0.2147505054615017,5927718.0,-0.2074383411514693,-0.0220026050576473,0.1345049774316323,0.14086102142248763,2.05
TRV,2025-03-10,2026-03-10,250,0.214555019998254,1380440.0,-0.1180551958366751,-0.019433753388063,0.1636804925385228,0.12231920195765461,1.68
CTAS,2025-03-10,2026-03-10,250,0.2132623486738362,1882157.2,-0.1987577069759059,-0.0198670752093953,0.1510797015388637,0.14030355474933262,2.04
MO,2025-03-10,2026-03-10,250,0.2113020979792405,9266423.2,-0.1639694624455571,-0.0182462051722498,0.1773696897299879,0.13463770029075883,1.92
HIG,2025-03-10,2026-03-10,250,0.2106516899890111,1559466.0,-0.1203748141706276,-0.0189327147957168,0.1639061273120665,0.12166173671978688,1.67
WELL,2025-03-10,2026-03-10,250,0.2097303392652282,3159295.2,-0.1261165524068112,-0.0214616292218528,0.1493066905788462,0.12113660096508809,1.66
D,2025-03-10,2026-03-10,250,0.2084602685582155,5592050.8,-0.1173124085511552,-0.0217985440694855,0.1563522545042022,0.1196787475773048,1.63
COST,2025-03-10,2026-03-10,250,0.2082152256600892,2396376.4,-0.1934694419133762,-0.0199691479932835,0.1461258734318577,0.13674468051946026,1.97
ECL,2025-03-10,2026-03-10,250,0.2068747482722454,1354504.4,-0.1267126440567311,-0.0217262830088071,0.1565130039344828,0.12156286651547672,1.67
MDT,2025-03-10,2026-03-10,250,0.2066894862119651,7590408.8,-0.1308174475497029,-0.0191198339169762,0.1428033024431315,0.11995568307539946,1.64
AFL,2025-03-10,2026-03-10,250,0.206297806396469,2303420.4,-0.1228846221031307,-0.0162786221814095,0.165634023023358,0.12071136874818916,1.65
MAA,2025-03-10,2026-03-10,250,0.2055030577660982,955474.8,-0.2309775412194153,-0.0197242114209041,0.1499613746416791,0.14583445577501422,2.14
CB,2025-03-10,2026-03-10,250,0.2003407251908971,1799264.4,-0.1176192438740411,-0.01924445266265,0.1517547207081544,0.11611918274277022,1.56
PEG,2025-03-10,2026-03-10,250,0.1993060084881584,2873082.0,-0.1272699943751009,-0.0217463565830505,0.1410312091000911,0.11711328862766311,1.58
ETR,2025-03-10,2026-03-10,250,0.196659741143768,2997152.0,-0.0877496490457511,-0.0183032826114493,0.149111661505966,0.10696277371774965,1.38
VTR,2025-03-10,2026-03-10,250,0.1963971810993678,3047646.0,-0.1088755633220311,-0.0160861803900501,0.1526328934179654,0.112250248063222,1.49
LIN,2025-03-10,2026-03-10,250,0.1961533076796444,2254435.2,-0.1918483544967145,-0.0181131446750153,0.1417144412795746,0.13168792041199942,1.87
NI,2025-03-10,2026-03-10,250,0.1953072603834252,4329751.2,-0.0913917320486071,-0.02077668278559,0.1560307916062403,0.10900008952124336,1.42
XEL,2025-03-10,2026-03-10,250,0.1952627880198667,4420084.0,-0.1149677452216803,-0.0168048307967343,0.1377660741925891,0.11134667262361463,1.47
JNJ,2025-03-10,2026-03-10,250,0.1923416159417666,8795036.4,-0.11756895122871,-0.0151614287014551,0.1568415404629795,0.1136532507694937,1.51
CME,2025-03-10,2026-03-10,250,0.191569315994174,2233094.4,-0.1013076703998315,-0.01897258826995,0.1532034707625741,0.10957279544747642,1.43
EXC,2025-03-10,2026-03-10,250,0.190747663918817,7429934.4,-0.1029313922121846,-0.0178588545319733,0.1128299679830515,0.10345342679161086,1.31
PG,2025-03-10,2026-03-10,250,0.1903912378208098,8986840.0,-0.1865278461370579,-0.0191930479498678,0.1338901530340312,0.12767147655296623,1.79
L,2025-03-10,2026-03-10,250,0.188119180911773,790311.2,-0.1216202309852992,-0.0149621305917783,0.1586419324696871,0.11362965454093964,1.51
BRK-B,2025-03-10,2026-03-10,250,0.1871704338199291,4922605.6,-0.1494812972695982,-0.0157620544747583,0.1595524462353212,0.12060675260806886,1.65
AEP,2025-03-10,2026-03-10,250,0.1862254140724979,3538916.4,-0.0896913828366701,-0.0159249711772598,0.1202499158474894,0.09951297980072142,1.24
REG,2025-03-10,2026-03-10,250,0.186029548800366,1179545.6,-0.1238959604090772,-0.01707742651558,0.121576018337965,0.10843482757452758,1.41
ED,2025-03-10,2026-03-10,250,0.1857771863629305,2440532.4,-0.1422667262785976,-0.0193460001511302,0.1277402973084874,0.11433012307967691,1.53
WM,2025-03-10,2026-03-10,250,0.1855710294198773,1880896.8,-0.1813541856079533,-0.0170418300766429,0.1405082509861396,0.12549451205730075,1.75
RSG,2025-03-10,2026-03-10,250,0.1855088779770312,1395532.8,-0.2049862536064761,-0.0177367965237532,0.1478683528165975,0.13262691067913668,1.89
TJX,2025-03-10,2026-03-10,250,0.182693300314775,5382290.0,-0.1013108751515062,-0.0171411965724415,0.1119018502196113,0.10034924430918782,1.25
PPL,2025-03-10,2026-03-10,250,0.1782071870201785,6530934.0,-0.1169128154514741,-0.0182579442483202,0.1230203003689045,0.10479500918566506,1.34
MCD,2025-03-10,2026-03-10,250,0.175990736921428,3415334.0,-0.1060315344133813,-0.0168850332556408,0.1222669175148562,0.10102217823783495,1.27
VICI,2025-03-10,2026-03-10,250,0.1740917482077096,8869964.8,-0.1712898836085755,-0.016768721495028,0.1031715296002447,0.11387948037749968,1.52
O,2025-03-10,2026-03-10,250,0.1722022058951104,5920649.2,-0.0947507383224957,-0.0157608302226457,0.1226191666866407,0.09689340428671914,1.19
DTE,2025-03-10,2026-03-10,250,0.1687779529195076,1432418.4,-0.1013398274716603,-0.0160651052363694,0.123185019299784,0.09765918649796473,1.2
LNT,2025-03-10,2026-03-10,250,0.1685599503558393,2142766.4,-0.0934464150749101,-0.0167812826749855,0.1306601144215932,0.09688490924233653,1.19
EVRG,2025-03-10,2026-03-10,250,0.1685025826854875,2273988.8,-0.0801265008676271,-0.0146938198135557,0.1217351075941212,0.09178147409995341,1.09
KO,2025-03-10,2026-03-10,250,0.1683070101084497,16924053.2,-0.09818511833365,-0.0153471457589783,0.0992207365365493,0.09299092815697514,1.11
SO,2025-03-10,2026-03-10,250,0.1677461447118624,5468038.4,-0.1499027234707177,-0.0171583582403219,0.1143345839710229,0.10838140181304655,1.41
PNW,2025-03-10,2026-03-10,250,0.1672906131054892,1227061.6,-0.0843463591085826,-0.0159758742634558,0.0999029804845064,0.08945447712959424,1.04
CMS,2025-03-10,2026-03-10,250,0.1659866370158943,2592796.8,-0.0850652631004779,-0.017081377763997,0.1179679682842044,0.09217381624369365,1.09
AEE,2025-03-10,2026-03-10,250,0.162392562762019,1711751.2,-0.0789824683131632,-0.015347619023424,0.1240374075528736,0.09013857926418313,1.05
FE,2025-03-10,2026-03-10,250,0.1621472500983906,4666209.2,-0.0773261595510177,-0.0149702914074222,0.1095019120284156,0.08739508143368603,1.0
DUK,2025-03-10,2026-03-10,250,0.1618071628295239,3567720.0,-0.1088049238939371,-0.014981095042499,0.1091859917214573,0.09511752561815742,1.15
ATO,2025-03-10,2026-03-10,250,0.1609905956464037,1057396.0,-0.0719942444908128,-0.0161663732353461,0.1225147138293072,0.08790631610994862,1.01
CNP,2025-03-10,2026-03-10,250,0.1604840336148968,5397243.2,-0.0838613782915379,-0.0168680913116816,0.1074896685243398,0.08860764172631476,1.02
WEC,2025-03-10,2026-03-10,250,0.1543273392435496,2190902.0,-0.1122241734990324,-0.0143926834013829,0.1056466344081222,0.09307982263259831,1.11
